timestamp,x,y,z,rx,ry,rz,steer,velocity
14-12-2018 01:32:19,-1.4448482664106796,-0.645847035859969,0.15226561752736503,-61.71894565028951,-0.28128201798874036,-179.94308850081578,0,0
14-12-2018 01:32:19,-1.4372582328736856,-0.6546775285410493,0.15229499590646195,-60.97988327632888,-0.2531978777796201,-179.8475011467637,8050,6.0
14-12-2018 01:32:19,-1.4298952696541192,-0.6631902191667803,0.15209893218054132,-60.33061311239521,-0.28020802951886725,-179.8456388558319,8050,6.0
14-12-2018 01:32:19,-1.4221703327907391,-0.6717118595511581,0.15201817437335816,-59.601889394606964,-0.2744775324959291,-179.8165580104204,8050,6.0
14-12-2018 01:32:19,-1.4140502964491881,-0.6801177960925363,0.15202459655312434,-58.87778824254565,-0.3532991641515207,-179.81109741726834,8050,6.0
14-12-2018 01:32:19,-1.406120724353367,-0.6884892478505416,0.15199803062443706,-58.29124098250669,-0.27382000766795067,-179.79824965583828,8050,6.0
14-12-2018 01:32:19,-1.3983726332293456,-0.6969826495981954,0.15219676074567426,-57.550756029848976,-0.3480152652000339,-179.77602128275285,8050,6.0
14-12-2018 01:32:19,-1.390333061038197,-0.7049609843681431,0.1523157597084133,-56.89808017158355,-0.3522668529082054,-179.85655986093352,8050,6.0
14-12-2018 01:32:19,-1.3821532320804482,-0.7128567250436768,0.15235701330045828,-56.238233173432924,-0.3257794920613317,-179.94122318518433,8050,6.0
14-12-2018 01:32:19,-1.3738638191138879,-0.7208775586812822,0.15231708059863897,-55.537964637690266,-0.31415822327831006,-179.92912283926233,8050,6.0
14-12-2018 01:32:19,-1.365370408739277,-0.7287451548278057,0.15230372118053237,-54.76301131578109,-0.27405835080424534,-179.8833763217958,8050,6.0
14-12-2018 01:32:19,-1.356877732056499,-0.7366579876606304,0.1521838928576986,-53.97514721302957,-0.2718844103057668,-179.79007131963095,8050,6.0
14-12-2018 01:32:19,-1.3481513619259602,-0.743800969999475,0.1517214853567491,-53.32880143969655,-0.38749633357143776,179.84762229720775,8050,6.0
14-12-2018 01:32:19,-1.339602425895056,-0.7515334810476977,0.15166752100123315,-52.6018601882599,-0.37426668714059,179.9042422091892,8050,6.0
14-12-2018 01:32:19,-1.3308095573600511,-0.759103358593626,0.15176714442966882,-51.83198482812903,-0.33193472765982296,179.99648546793534,8050,6.0
14-12-2018 01:32:19,-1.3220285312394273,-0.7660461649617878,0.1515690105020392,-51.21302278314783,-0.37754139490894084,179.75373512999477,8050,6.0
14-12-2018 01:32:19,-1.3130073921091794,-0.7731782613395354,0.15172160904496235,-50.50880097591647,-0.34283151049548766,179.7285355171057,8050,6.0
14-12-2018 01:32:19,-1.3040165323987638,-0.7802744294874326,0.15192549196746402,-49.76328774710603,-0.3629942426100612,179.79566896230264,8050,6.0
14-12-2018 01:32:19,-1.2948701471260256,-0.7873088735600593,0.1520835825156846,-49.015285665512515,-0.3592437571425444,179.8706804073116,8050,6.0
14-12-2018 01:32:19,-1.2856786430460776,-0.7944565074526736,0.1523372071486968,-48.36999444855099,-0.3619369517393597,179.89524828488499,8050,6.0
14-12-2018 01:32:19,-1.2764766605439914,-0.801195197755359,0.15244999367900755,-47.64807003635747,-0.3810585227916582,179.90866002547517,8050,6.0
14-12-2018 01:32:19,-1.2670225828060055,-0.8072838393587158,0.1520320827538608,-47.04087788497497,-0.4891176823011743,179.4748303085186,8050,6.0
14-12-2018 01:32:19,-1.2577213968795398,-0.8141508105396829,0.1521590314740593,-46.174567617598264,-0.3687256245826635,179.9236442001399,8050,6.0
14-12-2018 01:32:19,-1.2485752123645113,-0.8204424484310767,0.1523667726740548,-45.541782219616366,-0.3369046002688241,179.66970440044037,8050,6.0
14-12-2018 01:32:19,-1.238954418666141,-0.8266333241349492,0.1523063941069997,-44.824815712614786,-0.38208900703111875,179.62006382856276,8050,6.0
14-12-2018 01:32:19,-1.2293114633614761,-0.8337419600877592,0.15175855164086144,-43.74802316890641,0.0005233798564402065,-179.91320872801097,8050,6.0
14-12-2018 01:32:19,-1.2197522190545127,-0.8400067890309258,0.1519730355882824,-42.831968798339034,-0.1792480138587236,-179.8203653757582,8050,6.0
14-12-2018 01:32:19,-1.2099103797651554,-0.8459362162921197,0.15200305307748022,-42.04663798352121,-0.20669180649127467,-179.73180494790566,8050,6.0
14-12-2018 01:32:19,-1.199981305986973,-0.8516443434611864,0.15197844411666311,-41.32638349983632,-0.21426065199877606,-179.76830237630148,8050,6.0
14-12-2018 01:32:19,-1.1899520882419978,-0.8572710224542672,0.15212357352159592,-40.570041394138485,-0.20800779767480845,-179.74952677086006,8050,6.0
14-12-2018 01:32:19,-1.179882961350904,-0.8627341048587377,0.15225329520964984,-39.81705961914786,-0.22343063633170818,-179.7258167155801,8050,6.0
14-12-2018 01:32:19,-1.1697018709136413,-0.8679741587800855,0.15229213109902548,-39.12016507151847,-0.21188734284141716,-179.7710262978855,8050,6.0
14-12-2018 01:32:19,-1.1595393095879154,-0.8730050325577209,0.15220933469456666,-38.41448553602278,-0.162569837365197,-179.7880577330832,8050,6.0
14-12-2018 01:32:19,-1.1489160700925376,-0.8785442199581355,0.1523916092385209,-37.56415403398749,-0.056150861621227344,-179.51361144721807,8050,6.0
14-12-2018 01:32:19,-1.1389137892484895,-0.8831350814047467,0.15186501194596191,-36.91619538106693,-0.08681221176417069,-179.73207702788173,8050,6.0
14-12-2018 01:32:19,-1.1286090357197571,-0.8879245192447331,0.15154360228446007,-36.16098428818428,-0.10725152381349143,-179.7752227054638,8050,6.0
14-12-2018 01:32:19,-1.1182072513504795,-0.8927348335547782,0.15139427355629131,-35.38537583218051,-0.13946425833323642,-179.80511747484124,8050,6.0
14-12-2018 01:32:19,-1.107706247805385,-0.8973297845414339,0.15128765768148345,-34.62949497294883,-0.15502774056714075,-179.84392499085644,8050,6.0
14-12-2018 01:32:19,-1.097250793159041,-0.9019383229951253,0.15140993043094775,-33.82627302400006,-0.17543497556717794,-179.7199689691597,8050,6.0
14-12-2018 01:32:20,-1.0866607803257686,-0.9061724389416782,0.15151472680317932,-33.11311918742909,-0.13542489745144007,-179.72554545799161,8050,6.0
14-12-2018 01:32:20,-1.0760504510084643,-0.9102522340783015,0.1516355394885697,-32.36405478157652,-0.08535298733460436,-179.63920749327104,8050,6.0
14-12-2018 01:32:20,-1.0650918078143112,-0.9144876902781027,0.15251926137424376,-31.633664523641663,-0.3484909807270305,-179.68317386472762,8050,6.0
14-12-2018 01:32:20,-1.053158799058982,-0.9201857027316445,0.15473599287440862,-30.734261513789534,-0.6209218694160011,-179.47328382161024,8050,6.0
14-12-2018 01:32:20,-1.0438721368608428,-0.9223829352005888,0.15264950812848246,-30.22656951164992,-0.2824199406346047,-179.39653736024155,8050,6.0
14-12-2018 01:32:20,-1.0323693252500292,-0.9267768377628897,0.15344169481865627,-29.233670533585975,-0.31799135891866737,-178.73578563298184,8050,6.0
14-12-2018 01:32:20,-1.0220071361278413,-0.9293818486144544,0.15257532314507152,-28.758679440225432,-0.3252575834357365,-179.506621920324,8050,6.0
14-12-2018 01:32:20,-1.0110283964808426,-0.9326153074848175,0.152415531597578,-28.03081442149161,-0.27996863001389566,-179.5850733674616,8050,6.0
14-12-2018 01:32:20,-0.9998828094407117,-0.936110286301527,0.15272860670347083,-27.0934864317217,-0.23622442693412143,-179.02149726195057,8050,6.0
14-12-2018 01:32:20,-0.9874475423631053,-0.9402132171117016,0.1543006525104189,-26.249579207718313,-0.5420159929446527,-179.34051041424644,8050,6.0
14-12-2018 01:32:20,-0.9773072641212744,-0.9414988145927533,0.15244757619658408,-25.687009926195365,-0.25700709369658414,-179.40164198991778,8050,6.0
14-12-2018 01:32:20,-0.9663094503286281,-0.9438400264406597,0.15190511575666849,-25.104941606858684,-0.330913958246105,-179.84889383788172,8050,6.0
14-12-2018 01:32:20,-0.955103205270023,-0.9467717584705427,0.1523487348855475,-24.269190712025694,-0.3316339963130995,-179.4338084838986,8050,6.0
14-12-2018 01:32:20,-0.943953048510747,-0.9492715365277523,0.15237144934167007,-23.552127039441284,-0.34403679058728964,-179.47299663549722,8050,6.0
14-12-2018 01:32:20,-0.9327889131860457,-0.9516033187017034,0.15243709787987908,-22.886183594874694,-0.3647753214017969,-179.5184643826266,8050,6.0
14-12-2018 01:32:20,-0.9216744657034042,-0.9530311653032724,0.15213171241267248,-22.058754796246863,-0.6232997197067391,-179.91333067458237,8050,6.0
14-12-2018 01:32:20,-0.9100906407246677,-0.9546332256067489,0.15175073635091454,-21.585185077731094,-0.44854339371059326,-179.98543183143553,8050,6.0
14-12-2018 01:32:20,-0.8989380125210048,-0.9564423894579532,0.1515993115552509,-20.894719714080694,-0.41439611882288174,179.9707450764153,8050,6.0
14-12-2018 01:32:20,-0.8876476639241712,-0.9581225014092574,0.1513797097774377,-20.178822236825376,-0.4194412104321943,179.90797937849834,8050,6.0
14-12-2018 01:32:20,-0.8762702665750013,-0.9595802353214241,0.15083030697222924,-19.46205390397471,-0.38369502480874157,179.86260161666752,8050,6.0
14-12-2018 01:32:20,-0.865054996204172,-0.9610567436555452,0.15092826733128453,-18.725014964388162,-0.4019025127676054,179.78530131565648,8050,6.0
14-12-2018 01:32:20,-0.8537205441464671,-0.9623103545918101,0.15079909792432744,-17.977594883505283,-0.39381861419085157,179.7500448826914,8050,6.0
14-12-2018 01:32:20,-0.8422942136807836,-0.9634423796805536,0.1504303005256898,-17.23931742345738,-0.3642608703826028,179.70853579157972,8050,6.0
14-12-2018 01:32:20,-0.830871438658817,-0.9643627601432356,0.15044116121999337,-16.518154355492197,-0.34369037456234086,179.70874400308648,8050,6.0
14-12-2018 01:32:20,-0.8194505535770933,-0.9651167500232902,0.15044125793692947,-15.802055095685645,-0.3187350421990737,179.73442830467852,8050,6.0
14-12-2018 01:32:20,-0.8081123271291807,-0.9658245141847621,0.15047152519410092,-15.093333724436416,-0.30663060401578246,179.78258607649718,8050,6.0
14-12-2018 01:32:20,-0.796675705962696,-0.9665067687304641,0.1505949347319547,-14.447991951642784,-0.2788074372795209,179.8096699676363,8050,6.0
14-12-2018 01:32:20,-0.785283264483112,-0.9669270378424619,0.15058990102208583,-13.78141801799236,-0.29943430451574693,179.8081811203449,8050,6.0
14-12-2018 01:32:20,-0.7738897962725808,-0.967247522730893,0.15066713275782487,-13.107053597431731,-0.31927703680343145,179.76705318293517,8050,6.0
14-12-2018 01:32:20,-0.7625210696899088,-0.9673404214646367,0.1506156996880391,-12.395980822464214,-0.3210243518378984,179.74023427368294,8050,6.0
14-12-2018 01:32:20,-0.7510849434661094,-0.9674501317156771,0.1507279432912227,-11.718528717048128,-0.2822289653165927,179.64682104820534,8050,6.0
14-12-2018 01:32:20,-0.7397223294977235,-0.9672409065617782,0.1507028881304784,-10.942102837507557,-0.25936543693614506,179.63050942398576,8050,6.0
14-12-2018 01:32:20,-0.7282647273904015,-0.966848197376204,0.15060874228462784,-10.206843951405173,-0.22813866402511404,179.63221206058404,8050,6.0
14-12-2018 01:32:20,-0.7171234301661231,-0.9663102989479866,0.15044831314533708,-9.390670931193323,-0.2716751111234518,179.74318900128313,8050,6.0
14-12-2018 01:32:20,-0.7055980236112874,-0.965730597420687,0.15045224253912698,-8.709538211795515,-0.26024062670064235,179.7196395028081,8050,6.0
14-12-2018 01:32:20,-0.6942181291428696,-0.9650504144598571,0.15045893517693523,-8.007548710266637,-0.2505953486532376,179.58656768808459,8050,6.0
14-12-2018 01:32:20,-0.6828183108545012,-0.9641055200970866,0.15039754966226906,-7.271969868928927,-0.27620443009829965,179.5820591264832,8050,6.0
14-12-2018 01:32:20,-0.6713583472231921,-0.9631355947761768,0.1503680403815355,-6.560623208188652,-0.2581678127225263,179.55186078823428,8050,6.0
14-12-2018 01:32:20,-0.6600729134701996,-0.9618453929044738,0.1503534650862091,-5.8628391077830555,-0.2467136451444047,179.4863758619724,8050,6.0
14-12-2018 01:32:20,-0.6487704007535187,-0.9605679307731062,0.15034930689237094,-5.138962029563782,-0.2134912910761465,179.50490479098187,8050,6.0
14-12-2018 01:32:20,-0.6373501673592412,-0.9591843773743093,0.15046985886367795,-4.484582452355299,-0.14191485035373785,179.43957363736027,8050,6.0
14-12-2018 01:32:20,-0.6255966764228522,-0.9584774548773849,0.15084984095939136,-3.8822827272401454,0.09599457495341791,179.6549539700092,8050,6.0
14-12-2018 01:32:20,-0.6143196315139609,-0.9567280437475808,0.15071831404647185,-3.1863446227167107,0.10625942484258302,179.60193151434189,8050,6.0
14-12-2018 01:32:20,-0.6030125382083512,-0.954904996213452,0.15050600564637362,-2.457262734802088,0.10156132957412191,179.54405781750683,8050,6.0
14-12-2018 01:32:20,-0.5916685100720526,-0.9529673197174362,0.1503703035154353,-1.7753091931105671,0.1164358880696411,179.48922130947517,8050,6.0
14-12-2018 01:32:20,-0.5803880983128347,-0.9508847785749848,0.1502059226768705,-1.029761872378641,0.10843738399131331,179.50515297397098,8050,6.0
14-12-2018 01:32:20,-0.5691093317255758,-0.9485165749322463,0.15011703513982028,-0.3386664299233777,0.11025496237310588,179.46720452022433,8050,6.0
14-12-2018 01:32:20,-0.5579037497408691,-0.9460523620322905,0.15007085844302348,0.40075636411419274,0.08323646839635386,179.50214463484465,8050,6.0
14-12-2018 01:32:20,-0.5467652592885636,-0.9434068865904054,0.15009085256445187,1.110847368269335,0.08386164115413594,179.5425091779143,8050,6.0
14-12-2018 01:32:20,-0.5357894162837777,-0.9406501056329661,0.1504875923904703,1.8680968845208756,-0.05902589478312007,179.502098488347,8050,6.0
14-12-2018 01:32:20,-0.5247094906659838,-0.9375982314763239,0.150518152342457,2.5696671165800433,-0.03577285818235697,179.4880502303823,8050,6.0
14-12-2018 01:32:20,-0.5136186364669533,-0.9345394405110082,0.15062570221433202,3.279560868651956,-0.013415237727536201,179.5208914626338,8050,6.0
14-12-2018 01:32:20,-0.5022285566069276,-0.9320822981493065,0.15127344021172248,3.9485080460858777,0.052183710365683256,179.48714571080183,8050,6.0
14-12-2018 01:32:20,-0.49127713985506305,-0.9286265489775533,0.15119917716127174,4.681476358343573,0.0476486261804337,179.45487003782637,8050,6.0
14-12-2018 01:32:20,-0.4803531590218847,-0.9251155055817247,0.15109363496023823,5.3884937371952795,0.0738802519846769,179.41133726130238,8050,6.0
14-12-2018 01:32:20,-0.4694340727283229,-0.921564402880086,0.15092184737256298,6.11562455475372,0.11039519737681842,179.40818065310182,8050,6.0
14-12-2018 01:32:20,-0.4586156025895527,-0.9178138236420463,0.15072780244967474,6.842757063666286,0.13219021046993712,179.44603891297973,8050,6.0
14-12-2018 01:32:20,-0.4478570652357871,-0.9137929138142336,0.15057040748003822,7.53639076615564,0.1446776398205752,179.44090662403775,8050,6.0
14-12-2018 01:32:20,-0.4371420208456793,-0.9097163674628448,0.15051180934823277,8.241456731044618,0.16638697146169323,179.4623313290335,8050,6.0
14-12-2018 01:32:20,-0.42648880270993245,-0.9054730691387538,0.15042500836117137,8.957487873697838,0.14360025526685885,179.46366440313582,8050,6.0
14-12-2018 01:32:20,-0.41584942075191667,-0.9011695760125664,0.15042510042846471,9.67190872681207,0.10979590569000401,179.46990814420033,8050,6.0
14-12-2018 01:32:20,-0.4053198265052287,-0.8966994932388673,0.15046877421078367,10.364313048258248,0.07201102337560561,179.42503709382495,8050,6.0
14-12-2018 01:32:20,-0.3948500551679475,-0.892080848279833,0.15051278963760317,11.061959388065308,0.05837264813362597,179.43734180399917,8050,6.0
14-12-2018 01:32:20,-0.38459556840264414,-0.8868569427533943,0.15020827542567805,11.825230444181532,0.03241373379033757,179.43073083427774,8050,6.0
14-12-2018 01:32:20,-0.3742973603059799,-0.8818917099141304,0.15013853016691706,12.534876591112772,0.06483814873851236,179.38593950444414,8050,6.0
14-12-2018 01:32:20,-0.36395820053053446,-0.8769355248509973,0.15002721960027635,13.260558710588777,0.09507330136583833,179.3829488755303,8050,6.0
14-12-2018 01:32:20,-0.35372186222042107,-0.8716898709001453,0.14978098138527535,13.9887560145625,0.09887002548090486,179.33458987137328,8050,6.0
14-12-2018 01:32:20,-0.3434666317645631,-0.8663860109265481,0.14953607184502,14.734006100738412,0.07537310829510012,179.26081519569072,8050,6.0
14-12-2018 01:32:20,-0.33330572185890683,-0.8609651940638804,0.14932491654796537,15.485753307216747,0.0540048948035147,179.24787635302818,8050,6.0
14-12-2018 01:32:20,-0.32331060935538575,-0.8553052257050107,0.14906379824722343,16.196398304559306,0.10118962312253267,179.25810858429486,8050,6.0
14-12-2018 01:32:20,-0.3134905988761272,-0.848881306393199,0.14845740818058487,16.909891807562765,0.10769727023208477,179.3008542300078,8050,6.0
14-12-2018 01:32:20,-0.30353006069928357,-0.8431233564458398,0.14848051983390062,17.659414105517037,0.10690253810789133,179.34764972470725,8050,6.0
14-12-2018 01:32:20,-0.2936290821800454,-0.8372763154611609,0.14853033104528915,18.382577664442923,0.0892494957284694,179.3273383427766,8050,6.0
14-12-2018 01:32:20,-0.28385697353018613,-0.8312442502085496,0.14857414258424978,19.07537292305759,0.06826813505488025,179.34694292812944,8050,6.0
14-12-2018 01:32:20,-0.2741519250279903,-0.825093171376935,0.14861404346029614,19.787177809950098,0.037292317789174266,179.351476018411,8050,6.0
14-12-2018 01:32:20,-0.26451130020135916,-0.8188057661898237,0.1486382660006347,20.49369827068609,0.034211995498922815,179.3563148130095,8050,6.0
14-12-2018 01:32:20,-0.2550167653144363,-0.812337493057957,0.1485912270584046,21.19587120852159,0.04037815912072065,179.32969531018654,8050,6.0
14-12-2018 01:32:20,-0.24557453367347593,-0.8057286553807846,0.14854685242726365,21.951754657967914,0.02661742060626456,179.28693114505427,8050,6.0
14-12-2018 01:32:20,-0.23621730309369787,-0.7990312660503331,0.14836484114909104,22.69143667828844,0.011455376727085076,179.26038041606697,8050,6.0
14-12-2018 01:32:20,-0.2269217253965465,-0.7921530385859539,0.1481038663807934,23.458060141986238,-0.04281164231475782,179.2109506475469,8050,6.0
14-12-2018 01:32:20,-0.21773131276770039,-0.7851058811206112,0.14793328957955165,24.210462746658923,-0.07722572571435209,179.19632433978015,8050,6.0
14-12-2018 01:32:20,-0.20866333459761732,-0.7779283219846037,0.14781073451213536,24.95748135307258,-0.10097090709565001,179.18065035544998,8050,6.0
14-12-2018 01:32:20,-0.19961572281053616,-0.7707064574224592,0.14776160409134892,25.74786022047429,-0.14418949044785156,179.16575592273196,8050,6.0
14-12-2018 01:32:20,-0.1906851797988619,-0.7637248608135544,0.14795055614225566,26.512435537936476,-0.1818107834484435,179.1777883513216,8050,6.0
14-12-2018 01:32:20,-0.1818433649054109,-0.7563190885168231,0.14795579840773176,27.276674781249884,-0.22072228783737752,179.1766397779548,8050,6.0
14-12-2018 01:32:20,-0.1730606873508711,-0.7484291777441756,0.14771188085101655,28.01600736205469,-0.2563154552342888,179.13237550058633,8050,6.0
14-12-2018 01:32:20,-0.16441638879142936,-0.7407694774939867,0.14762165076978143,28.733174546915993,-0.2578945369740256,179.10761861080687,8050,6.0
14-12-2018 01:32:20,-0.15583426290985883,-0.7331873691993286,0.14762528208266473,29.451312323232752,-0.2262729506700359,179.09926470726367,8050,6.0
14-12-2018 01:32:20,-0.14727629163777767,-0.7253227612541371,0.14755363292636456,30.224083893607812,-0.20501204767043088,179.0600589712819,8050,6.0
14-12-2018 01:32:20,-0.13892977730005615,-0.7172839961096761,0.14735424359497906,30.943302162682222,-0.17202470333589728,179.03020789148212,8050,6.0
14-12-2018 01:32:20,-0.13056065022345825,-0.7092756484546813,0.14721017550188706,31.705956876627713,-0.2053378540921931,178.9725514886724,8050,6.0
14-12-2018 01:32:20,-0.12235441404119382,-0.700999509711196,0.14694919143362403,32.45899656037217,-0.27114334057311246,178.93318378121418,8050,6.0
14-12-2018 01:32:20,-0.11420227704804893,-0.6927035858658134,0.1468737458622967,33.222103551055405,-0.3304389344075964,178.90528572361805,8050,6.0
14-12-2018 01:32:20,-0.10627757969217165,-0.684226288709459,0.14681489795173466,33.977273154939034,-0.35979105416047014,178.8886668338204,8050,6.0
14-12-2018 01:32:20,-0.09848837559922598,-0.6759916739766636,0.1469920676050412,34.76189232289267,-0.369803555169899,178.8847176552239,8050,6.0
14-12-2018 01:32:20,-0.0906611238959507,-0.6670353233448314,0.14693042192009362,35.55429518548767,-0.350783745826556,178.9206017937412,8050,6.0
14-12-2018 01:32:20,-0.083104958740852,-0.658234623921075,0.14693910323698914,36.28861881078103,-0.32415521539624337,178.9319024609521,8050,6.0
14-12-2018 01:32:20,-0.07560490194167835,-0.6494027398062501,0.1469510781824061,37.05116211717144,-0.3384112552223547,178.90808072383524,8050,6.0
14-12-2018 01:32:20,-0.06831399174393085,-0.6408129489178759,0.14710045679071568,37.84696047107759,-0.3506915901887701,178.97272046925923,8050,6.0
14-12-2018 01:32:20,-0.06101074567458267,-0.631851682819463,0.14712119869687815,38.5898841863379,-0.3494567785401164,178.9670811104834,8050,6.0
14-12-2018 01:32:21,-0.05384371937202407,-0.6227296575260786,0.147034962701722,39.3442228145978,-0.3313277375598292,178.9110463838705,8050,6.0
14-12-2018 01:32:21,-0.04678497139616034,-0.6135417151317464,0.14693701866555386,40.11515551106254,-0.31333949175678333,178.8809884772396,8050,6.0
14-12-2018 01:32:21,-0.03979578830788558,-0.6042818633444482,0.14675693582161609,40.8952980189816,-0.3262712649587425,178.846736460252,8050,6.0
14-12-2018 01:32:21,-0.03295865505698234,-0.5948878082042479,0.1465165409402383,41.68051993243246,-0.3496513532883925,178.84498878467025,8050,6.0
14-12-2018 01:32:21,-0.026104702298352326,-0.5857147280279669,0.1463184489789013,42.462927254701626,-0.3825023687261245,178.846951321238,8050,6.0
14-12-2018 01:32:21,-0.01957307427920269,-0.5761197353374903,0.14624540754508825,43.22632774891009,-0.3777684099301249,178.85472822962086,8050,6.0
14-12-2018 01:32:21,-0.013181388247699195,-0.5662819922349678,0.14613239342150453,43.997319350825734,-0.3813827987179074,178.8693957274637,8050,6.0
14-12-2018 01:32:21,-0.006965745652148491,-0.5562642670709702,0.1462267207864253,44.7770367609125,-0.3876049782193554,178.8634457644432,8050,6.0
14-12-2018 01:32:21,-0.0008252430219095479,-0.5463522445471652,0.1462135628333161,45.51690604488342,-0.4157009178808566,178.82783878456257,8050,6.0
14-12-2018 01:32:21,0.0052112118699062125,-0.5363870016023787,0.14628276862554326,46.25417662280686,-0.42246264171229536,178.7920758963581,8050,6.0
14-12-2018 01:32:21,0.011078730425498024,-0.526243173603483,0.14631084603573521,46.960758766373814,-0.3995066248664862,178.67884400177257,8050,6.0
14-12-2018 01:32:21,0.016827425143027486,-0.5161610300856256,0.14638003416404596,47.67316081744349,-0.32661177197349855,178.57006102494276,8050,6.0
14-12-2018 01:32:21,0.022511359112187206,-0.5060014428825071,0.14644995766343605,48.41745114905994,-0.2744816355092967,178.44342102581103,8050,6.0
14-12-2018 01:32:21,0.02799588807961206,-0.49568549208143453,0.14641719642964338,49.15376241967478,-0.23454871279404194,178.2677643266739,8050,6.0
14-12-2018 01:32:21,0.054875854131071204,-0.3952586338178967,0.24141196646566496,-16.545594787295617,-66.79963452527076,93.3831367554516,8050,6.0
14-12-2018 01:32:21,0.05890949259995102,-0.3844459771556594,0.24113449264804793,-15.775395606045329,-66.82226700038244,93.44823700453182,8050,6.0
14-12-2018 01:32:21,0.06286446600189373,-0.3737164651683925,0.2411103571581814,-14.918845317754013,-66.86725012836457,93.21011691709073,8050,6.0
14-12-2018 01:32:21,0.06638321561700673,-0.3627803775964419,0.24059710148019772,-14.449303967762882,-66.69089660724896,93.79289825873008,8050,6.0
14-12-2018 01:32:21,0.06991850413045902,-0.3520186051731568,0.2405618999165822,-13.778127174437783,-66.62496051416497,93.83644602578212,8050,6.0
14-12-2018 01:32:21,0.07322994644123267,-0.3412613783427624,0.2404972756633233,-12.98538312042218,-66.50824154374672,93.81967461647108,8050,6.0
14-12-2018 01:32:21,0.07656761857333298,-0.33017425152957075,0.24036313890319008,-12.419085830769417,-66.45423917941972,93.96543095489827,8050,6.0
14-12-2018 01:32:21,0.11144581425392994,-0.41444393558849674,0.23338862901035984,69.04475567800226,-25.390455234843,-54.02117370052213,8050,6.0
14-12-2018 01:32:21,0.11557080161285543,-0.40299471425259714,0.233483569158882,69.75917144632943,-25.395736668256887,-53.91652225542083,8050,6.0
14-12-2018 01:32:21,0.11968016063885523,-0.3916592196209483,0.23358076377607445,70.5155941720303,-25.339196158775923,-53.97592832061638,8050,6.0
14-12-2018 01:32:21,0.12356307799083233,-0.3803107026263012,0.23368553647728552,71.26008556215814,-25.33856946583298,-53.8538533822298,8050,6.0
14-12-2018 01:32:21,0.12732755625730569,-0.36877790711665426,0.23359666133929388,72.05811348556453,-25.332875866722993,-53.84718730692042,8050,6.0
14-12-2018 01:32:21,0.13095213826610425,-0.35715716971406747,0.23358386078326687,72.82494276399434,-25.364346367771255,-53.73661348973544,8050,6.0
14-12-2018 01:32:21,0.09129992915362564,-0.3506262027445993,0.14669758997235213,61.194757950345874,-0.8886164076342659,-179.80886352576948,8050,6.0
14-12-2018 01:32:21,0.09478564301214674,-0.3395308253585837,0.14654210672569842,62.01693506900112,-0.9274287651552425,-179.62218680364606,8050,6.0
14-12-2018 01:32:21,0.09799453587852035,-0.32825802597860826,0.14660875954595803,62.72185862153709,-0.8989669769989667,-179.736187004351,8050,6.0
14-12-2018 01:32:21,0.10102671629130357,-0.3168441614069428,0.14667913718824546,63.406565170234565,-0.8697623545647684,-179.87414971410377,8050,6.0
14-12-2018 01:32:21,0.10331194144228417,-0.3034037590871993,0.14700754539512312,63.35197350422852,-0.4208410340366873,178.75751725459648,8050,6.0
14-12-2018 01:32:21,0.10626225444827138,-0.29231943804166893,0.14715188157571985,64.06579548598047,-0.39710441610898567,178.79185937121562,8050,6.0
14-12-2018 01:32:21,0.10903738580196068,-0.28103179412567714,0.14715482494437235,64.75867877670503,-0.3493773053043326,178.81805589367792,8050,6.0
14-12-2018 01:32:21,0.11171493297926403,-0.26983951328929584,0.1472256863587059,65.4524405626843,-0.29198500559607254,178.80409874087803,8050,6.0
14-12-2018 01:32:21,0.11416177228451409,-0.2584871889581661,0.14722972233038345,66.1518137149445,-0.2311699098337226,178.7641192397637,8050,6.0
14-12-2018 01:32:21,0.11647377334616553,-0.24714896088846994,0.14716201691621736,66.88742440421291,-0.2137575793468844,178.79565619690808,8050,6.0
14-12-2018 01:32:21,0.1185708567261912,-0.23571826884693559,0.14706756655588588,67.63014560561308,-0.23256470308276467,178.78052203649042,8050,6.0
14-12-2018 01:32:21,0.12050235422952395,-0.2241492588960009,0.1469691058638083,68.41016726260926,-0.26469084631250916,178.8287916344199,8050,6.0
14-12-2018 01:32:21,0.12226534511803847,-0.2126714853804836,0.1469894058014853,69.17182246365275,-0.29083197559295304,178.8226985175999,8050,6.0
14-12-2018 01:32:21,0.12392142105370829,-0.20115307460210322,0.14708360117978242,69.9394614162909,-0.26976356623729897,178.83648838193207,8050,6.0
14-12-2018 01:32:21,0.1253832294566268,-0.18960239021378725,0.1472320908710452,70.73216760142141,-0.23717785169889682,178.82581195055795,8050,6.0
14-12-2018 01:32:21,0.1267097585705791,-0.17798416908195208,0.1473375039184324,71.51138328107334,-0.2103965921913709,178.83540776474612,8050,6.0
14-12-2018 01:32:21,0.12782781701476853,-0.16639891501846585,0.14754161571512134,72.2919814823326,-0.19087130384676987,178.86404641530416,8050,6.0
14-12-2018 01:32:21,0.12875279848078425,-0.15480568064810535,0.1476764944881075,73.05684794531308,-0.18540113233067823,178.87869234981576,8050,6.0
14-12-2018 01:32:21,0.12968433731068493,-0.14329694087537156,0.14782585667650242,73.82972541101026,-0.15955305278826085,178.96101329203657,8050,6.0
14-12-2018 01:32:21,0.13033491887328716,-0.13163565415582915,0.1479525489014371,74.56210539883477,-0.09680613590385159,178.9293750280327,8050,6.0
14-12-2018 01:32:21,0.13090921144487688,-0.12015553583050675,0.14811130864995894,75.3118452674192,-0.029476924644120103,178.90026426207166,8050,6.0
14-12-2018 01:32:21,0.13128703529140587,-0.10853321855742115,0.1481681839881497,76.07777448019107,0.03833498492816592,178.8745315288497,8050,6.0
14-12-2018 01:32:21,0.13149846489864145,-0.09683971626975182,0.1481122029900742,76.85730814755694,0.08984743292457396,178.883000494208,8050,6.0
14-12-2018 01:32:21,0.13154397572449836,-0.08515318126447084,0.14805409347892032,77.6289576398435,0.11666894985169346,178.88393912047152,8050,6.0
14-12-2018 01:32:21,0.1313871937851634,-0.073542280234078,0.1481089526132462,78.41157929022091,0.12730089973441744,178.9306112005694,8050,6.0
14-12-2018 01:32:21,0.1310905843789105,-0.06181017297016043,0.14819180002749452,79.1649362219229,0.11876307364907594,178.9350007907254,8050,6.0
14-12-2018 01:32:21,0.13020180184279473,-0.049004236588493524,0.14794199370555045,79.95402875077853,0.13443245179064706,178.93660529927115,8050,6.0
14-12-2018 01:32:21,0.12971447522694748,-0.03743676014270386,0.14819467942303396,80.71561224098365,0.1545443685902153,178.97040123100481,8050,6.0
14-12-2018 01:32:21,0.12906209520307949,-0.025876435107881842,0.1485013463114238,81.4547738529139,0.17756731094651612,178.9205661704558,8050,6.0
14-12-2018 01:32:21,0.1282422069815992,-0.014308498244834595,0.14867337036308295,82.20187914548313,0.20419264282801883,178.89749736848,8050,6.0
14-12-2018 01:32:21,0.12734867234010236,-0.002841578813235013,0.14883006888900469,82.9424401707622,0.2604619179353027,178.87544772757522,8050,6.0
14-12-2018 01:32:21,0.12631892664589567,0.008616708413030052,0.1489144429640556,83.69998917697205,0.30538869246395284,178.86742381046284,8050,6.0
14-12-2018 01:32:21,0.12501740687639326,0.018485723384880873,0.14935076116703452,84.74320369074118,0.21889149537928754,179.02037415126267,8050,6.0
14-12-2018 01:32:21,0.12304166765775189,0.031293222622459975,0.1484752558087726,85.52354314266373,0.18891947366064954,178.82569323324958,8050,6.0
14-12-2018 01:32:21,0.1216307974476022,0.04210281952574584,0.1489047432367727,86.28809317143836,0.18776833503500107,178.8677874406959,8050,6.0
14-12-2018 01:32:21,0.12002711488089764,0.053016463532873655,0.14939463891306085,87.03594947129282,0.20411048829325312,178.92135462838334,8050,6.0
14-12-2018 01:32:21,0.11824610848743454,0.06385322138484179,0.1498796250293848,87.77308462912389,0.19737127395049445,178.96174777733475,8050,6.0
14-12-2018 01:32:21,0.11633770036236622,0.07453615081205993,0.15041182884375465,88.51361113894758,0.1954415976429617,179.0170821306268,8050,6.0
14-12-2018 01:32:21,0.11443032988776372,0.08508740401068417,0.1509838233369069,89.2109983455064,0.15703856563973687,179.03840057618038,8050,6.0
14-12-2018 01:32:21,0.1121780085135757,0.09614159793010335,0.1514527441031907,90.02103497362407,0.1714044999329149,179.18011845146071,8050,6.0
14-12-2018 01:32:21,0.1087735689693912,0.10995442781610189,0.1502344830453538,90.86169118230265,0.26388416474673804,179.1944390236164,8050,6.0
14-12-2018 01:32:21,0.1059101180101357,0.12193803121089751,0.15006649273469255,91.62878436527174,0.2103413578283645,179.2671092354325,8050,6.0
14-12-2018 01:32:21,0.10302031473453292,0.13308674920956112,0.15030980438323738,92.4035931024057,0.2316893544382158,179.30802096565233,8050,6.0
14-12-2018 01:32:21,0.09997462772250235,0.14438084964196485,0.15029972097659855,93.16070969502414,0.25081880321558225,179.29009777052934,8050,6.0
14-12-2018 01:32:21,0.09675641405224011,0.15563316346770878,0.15026446594995646,93.97685706363518,0.2365695519548912,179.3133111608273,8050,6.0
14-12-2018 01:32:21,0.09337745520219244,0.166936418941576,0.15014002760642597,94.77379305099156,0.19640067814394724,179.286923128619,8050,6.0
14-12-2018 01:32:21,0.09007343169764696,0.17762857373795746,0.15024866171430176,95.58557655514188,0.20767456614855848,179.34529748522615,8050,6.0
14-12-2018 01:32:21,0.08670760873343773,0.189261219667406,0.15016361443154488,96.41648671299714,0.11985683404652614,179.61142275596137,8050,6.0
14-12-2018 01:32:21,0.08345250108106525,0.20030528034534645,0.1504013700645167,97.16014831092785,0.11897559130525427,179.8972540999125,8050,6.0
14-12-2018 01:32:21,0.0782303534941045,0.20972304789032659,0.15101906035301485,98.0576534538987,0.030537149269352082,179.23579588916462,8050,6.0
14-12-2018 01:32:21,0.07468074435488091,0.2215309414915103,0.15111619003460922,98.75881483873886,0.11345847618936829,179.5743379589437,8050,6.0
14-12-2018 01:32:21,0.07068631561458295,0.2332476729772555,0.15065295257151665,99.40406122906577,0.10302385668617901,179.65114241855318,8050,6.0
14-12-2018 01:32:21,0.06645995913622549,0.2447578104257927,0.1504124067083865,100.04856218823238,0.13280792825172794,179.64114933466786,8050,6.0
14-12-2018 01:32:21,0.06205332988149717,0.2545941744874079,0.15069477589024738,100.89615646079167,0.13089094253004155,179.63458399260966,8050,6.0
14-12-2018 01:32:21,0.057483016025074565,0.2652796416307742,0.15069838212620687,101.6341513955911,0.1788979529493047,179.63108671946668,8050,6.0
14-12-2018 01:32:21,0.052776859243815144,0.2761782029051561,0.1505467338802687,102.39323042407906,0.20752769828010123,179.6674154256128,8050,6.0
14-12-2018 01:32:21,0.048611962480904,0.28598676557440456,0.1511244962467331,103.1191175375055,0.20263389669574552,179.81879129944394,8050,6.0
14-12-2018 01:32:21,0.043466320109636095,0.29633519908025596,0.15103847361416928,103.82443972709775,0.12284991892209333,179.62178510259156,8050,6.0
14-12-2018 01:32:21,0.03842711807325631,0.30668636425790174,0.15125888218161482,104.53776516937556,0.08710637263425808,179.64344953578782,8050,6.0
14-12-2018 01:32:21,0.03241090572532527,0.31841322915792414,0.15074800547408215,105.39797783572952,0.10765476145917205,179.79718404850757,8050,6.0
14-12-2018 01:32:21,0.027131044889030814,0.32880639992849303,0.15096611805704635,106.15276086732185,0.12507661726968758,179.9378295954339,8050,6.0
14-12-2018 01:32:21,0.020942485107833805,0.3390682821665215,0.1507165334149411,106.82127297198473,0.028413330550646262,179.58998108493358,8050,6.0
14-12-2018 01:32:21,0.015395887718096244,0.3485942455776312,0.1510152729667526,107.48971940875421,-0.0403149209923344,179.54478065726468,8050,6.0
14-12-2018 01:32:21,0.009550389191399009,0.35861774553116177,0.15114566721816422,108.20865439822691,-0.05808353567458376,179.54268499631874,8050,6.0
14-12-2018 01:32:21,0.003399238207925249,0.3692938038724877,0.1508133364374415,108.87499393779825,-0.06780905100442954,179.43750831582875,8050,6.0
14-12-2018 01:32:21,-0.0025605499375148965,0.37964128203792963,0.15110199581863132,109.78485109377361,0.08492389830778475,179.87275018010527,8050,6.0
14-12-2018 01:32:21,-0.00877355170275547,0.3886021136766405,0.15122474466040103,110.3187350333576,0.01590346979909417,179.5554260658261,8050,6.0
14-12-2018 01:32:21,-0.015142488704400145,0.398276425985513,0.1512580302935357,111.01549841675802,0.0369706392290039,179.53306502892556,8050,6.0
14-12-2018 01:32:21,-0.021717557242240018,0.4082535549599666,0.1511714390209527,111.74108406401216,0.041274904305612384,179.55032973555035,8050,6.0
14-12-2018 01:32:21,-0.028189661558376704,0.41794275599269454,0.15172414771334147,112.758222458912,0.16724310447502694,-179.93199524550462,8050,6.0
14-12-2018 01:32:21,-0.03539047776627328,0.4275763434976967,0.15094438089010867,113.22376623239614,-0.04665856199350041,179.49700846423238,8050,6.0
14-12-2018 01:32:21,-0.042375542939313185,0.4369857265155322,0.15103189662099975,113.96868825565106,-0.05633873524564338,179.50389118911164,8050,6.0
14-12-2018 01:32:21,-0.04952549017971125,0.4469919611781058,0.15097653918038767,114.63986146587824,-0.049400840687670144,179.34481825145883,8050,6.0
14-12-2018 01:32:22,-0.05676094419076342,0.45645088904371783,0.15099780534417329,115.37358527322189,-0.04808323511214142,179.32748551137396,8050,6.0
14-12-2018 01:32:22,-0.06380533244448648,0.4655520843960894,0.1513686443076349,116.21495034545218,-0.0044271668512859425,179.66318106656158,8050,6.0
14-12-2018 01:32:22,-0.07147493965921228,0.47440597743904295,0.15105837286197404,116.85125143624569,-0.09209571247798114,179.2354609819625,8050,6.0
14-12-2018 01:32:22,-0.07865401202843185,0.48393563246502813,0.15167618732820926,117.87245310114722,0.08956385844224148,179.8977372598574,8050,6.0
14-12-2018 01:32:22,-0.08622866200179813,0.49295403810573285,0.15168982044438759,118.63685445490118,0.11347065055682866,179.88868943931706,8050,6.0
14-12-2018 01:32:22,-0.09415360084163052,0.5023405877647453,0.15122489788939852,119.43739668889766,0.13800308318531002,179.91804096762505,8050,6.0
14-12-2018 01:32:22,-0.10201556171736488,0.5109779273189152,0.1511334829790756,120.1287083545404,0.12776462039915998,179.6465080549498,8050,6.0
14-12-2018 01:32:22,-0.11003315110265992,0.5197157631432111,0.15112628377699963,120.86704777053974,0.10267983055192638,179.5147633890681,8050,6.0
14-12-2018 01:32:22,-0.1181184499248652,0.5280842803148379,0.15118422064420345,121.64501438184591,0.17742923862791196,179.51998378855473,8050,6.0
14-12-2018 01:32:22,-0.12668990664365462,0.5376085248150223,0.15051501678765936,122.28643417333397,0.04255163396390427,179.19612586552597,8050,6.0
14-12-2018 01:32:22,-0.13480810716737815,0.545254358474069,0.1510897876892408,123.18633420410414,0.08072089971944386,179.47934584506447,8050,6.0
14-12-2018 01:32:22,-0.14330052825233403,0.553620751586303,0.15115835087020354,123.93717120403099,0.08882062722316186,179.54311860489207,8050,6.0
14-12-2018 01:32:22,-0.15198422325043828,0.56183578476702,0.15105481331111204,124.68276990775175,0.05285875144390361,179.51312653388152,8050,6.0
14-12-2018 01:32:22,-0.16102960945791717,0.5704535850674182,0.1504458862215499,125.27488773187777,-0.01893594625351634,179.12738455527364,8050,6.0
14-12-2018 01:32:22,-0.16926170044983258,0.5774070133445426,0.1519518612190388,126.29320831328961,0.16383100530186145,179.78826183036688,8050,6.0
14-12-2018 01:32:22,-0.17838130235724153,0.5854894658309552,0.15153518246477304,126.99654827920011,0.14889134532658038,179.52504777571755,8050,6.0
14-12-2018 01:32:22,-0.18731512465839778,0.5928281289675968,0.1518824005405562,127.82341178632839,0.2247375377884733,179.57381307935503,8050,6.0
14-12-2018 01:32:22,-0.19612269635777788,0.5998563796456132,0.15270016868627703,128.6875149616633,0.2987588101775677,179.70938056985446,8050,6.0
14-12-2018 01:32:22,-0.20452410770407153,0.6063922730611486,0.15303681507708125,129.33042301059115,0.26512991823785065,179.62954889346165,8050,6.0
14-12-2018 01:32:22,-0.21400218139731914,0.6120199910453606,0.15355715006365644,130.12769819164686,0.20291641363539378,179.18295161329394,8050,6.0
14-12-2018 01:32:22,-0.22388994767297068,0.6208780184188916,0.15269194853663187,130.72650822330763,0.1548190121295689,179.1899911713303,8050,6.0
14-12-2018 01:32:22,-0.23380236948278194,0.6285774913034677,0.15234789141034796,131.7004277722535,0.19069064634149022,179.0642164970545,8050,6.0
14-12-2018 01:32:22,-0.24435379315475844,0.6370320863466181,0.15153546839258775,132.21085935258805,0.13050263797359546,179.02630532075196,8050,6.0
14-12-2018 01:32:22,-0.2540898750065807,0.644127313712715,0.1516087621027079,132.9893621464616,0.1922256871138152,179.17927382451737,8050,6.0
14-12-2018 01:32:22,-0.2646463318432428,0.6516480600770133,0.151074335771673,133.87397594962874,0.19718528462261337,179.00753688229617,8050,6.0
14-12-2018 01:32:22,-0.27466449100999335,0.6582990789014768,0.15087352264959195,134.53935632492846,0.14935654146768343,178.75581193822333,8050,6.0
14-12-2018 01:32:22,-0.2844700543818419,0.6646532454282625,0.15088253758987913,135.22929106983517,0.13983700229669116,178.69614902206246,8050,6.0
14-12-2018 01:32:22,-0.29438955972805986,0.6709369257846416,0.1510239847450408,136.0018387387571,0.15037057473683638,178.7910800288585,8050,6.0
14-12-2018 01:32:22,-0.3044730856935929,0.6768106048746312,0.15117665955701942,136.73787757223468,0.14872612531587126,178.7340217227829,8050,6.0
14-12-2018 01:32:22,-0.31471559920546344,0.6828818328758123,0.15123924208308215,137.5242159446594,0.1559737837806987,178.7206990404383,8050,6.0
14-12-2018 01:32:22,-0.32410841968104653,0.6877824114699816,0.15215754819672267,138.29220627579377,0.18505455512471727,178.8480047110465,8050,6.0
14-12-2018 01:32:22,-0.33490428821291124,0.6944334400432665,0.15147709087061245,138.95563765153747,0.09420809200744305,178.49641549105235,8050,6.0
14-12-2018 01:32:22,-0.34596456762475625,0.699988282643624,0.1517578060453905,139.88786163689673,0.08343676403155897,178.75120101303995,8050,6.0
14-12-2018 01:32:22,-0.356454863190124,0.706630043631648,0.15093045232699392,140.19282373205834,-0.13627380091518967,178.3927008686724,8050,6.0
14-12-2018 01:32:22,-0.3666379070263166,0.71162159350972,0.1513192151979299,141.01909423880747,-0.1619361125897334,178.40716087521602,8050,6.0
14-12-2018 01:32:22,-0.3770313837062297,0.7167473792732735,0.1516285816707343,141.83476793508166,-0.14083625786486859,178.529589075791,8050,6.0
14-12-2018 01:32:22,-0.3879846063212333,0.7211552355286998,0.152170958298015,142.73821959210318,-0.04121342792585276,178.5715059394979,8050,6.0
14-12-2018 01:32:22,-0.39851995632817905,0.7259916722987187,0.1525325285805539,143.52062652783638,0.03239276417747131,178.61224214377702,8050,6.0
14-12-2018 01:32:22,-0.40910671074912075,0.7301371722358561,0.15313715361248528,144.22195758607356,0.1721873074106644,178.53230502102454,8050,6.0
14-12-2018 01:32:22,-0.42047517035614534,0.7359153337451446,0.1523007879689409,144.66848058711457,0.09970222967629701,178.35853518987238,8050,6.0
14-12-2018 01:32:22,-0.43075204280936863,0.7386961824193488,0.15288384636587904,145.37511654123134,0.08794054330963902,178.44388963813165,8050,6.0
14-12-2018 01:32:22,-0.44155824350102857,0.7436216361389125,0.152878935732189,146.35402279045817,0.07978898154263087,178.48369573248678,8050,6.0
14-12-2018 01:32:22,-0.45339325174451056,0.7492290069295902,0.1519385374292516,146.7427733872631,0.059326237987782145,178.38517224508124,8050,6.0
14-12-2018 01:32:22,-0.46495015745847545,0.7534597754889468,0.15163170659207864,147.54014942173566,0.040502598031665976,178.31000206154957,8050,6.0
14-12-2018 01:32:22,-0.47645426026650406,0.7582806054869946,0.15132983703635164,148.27354372547975,0.04589790682530124,178.294263591495,8050,6.0
14-12-2018 01:32:22,-0.48807349266985567,0.7630166857958423,0.15073479759664277,148.95224304685743,0.07407270398367218,177.9375389608168,8050,6.0
14-12-2018 01:32:22,-0.4990014930365995,0.7667501831503403,0.15131408554844247,149.63642995859132,0.07974429128077994,178.21199554259607,8050,6.0
14-12-2018 01:32:22,-0.5108196924953803,0.7717063903081159,0.15050463599671526,150.30108435744594,0.1338826076364147,177.82909404398757,8050,6.0
14-12-2018 01:32:22,-0.5223536484680852,0.7754962970044419,0.1507300175151576,151.04510910401447,0.13410446766187467,178.18128580543404,8050,6.0
14-12-2018 01:32:22,-0.5340347089341665,0.779410883589686,0.15031411745861806,151.7700499147469,0.1389890749118315,178.11879913888143,8050,6.0
14-12-2018 01:32:22,-0.5457218125886009,0.783125064586443,0.15013825654604168,152.4664653597342,0.14271251117839343,178.0784870415881,8050,6.0
14-12-2018 01:32:22,-0.5579747529190133,0.7872582422876458,0.14939905832937864,153.19156465350747,0.1870706382858107,177.99032749925908,8050,6.0
14-12-2018 01:32:22,-0.5693158890790528,0.7903043490136871,0.14946146500129162,153.83379122234643,0.1763343542996898,177.9420817637151,8050,6.0
14-12-2018 01:32:22,-0.5791402508672365,0.7873312954616248,0.15282006413198668,154.9204942846173,0.27113274900414397,178.29913926357358,8050,6.0
14-12-2018 01:32:22,-0.591256433341022,0.7900858714018041,0.15248936208683272,155.7160495236378,0.24396271370755332,178.2118724805251,8050,6.0
14-12-2018 01:32:22,-0.6025483503797646,0.7920727451442855,0.1528470949550596,156.4217146503993,0.19108872773912128,178.29055061827543,8050,6.0
14-12-2018 01:32:22,-0.6143845607780651,0.794351603695432,0.15283548407077366,157.17267203029442,0.13516834684942075,178.31806379343612,8050,6.0
14-12-2018 01:32:22,-0.6261251192037762,0.796352022652398,0.1529159868938654,157.93688929140458,0.10642007241289744,178.3058660947099,8050,6.0
14-12-2018 01:32:22,-0.6381515798744272,0.7976102290638558,0.1534682632453716,158.84186838228777,0.1150992251490286,178.39990636750008,8050,6.0
14-12-2018 01:32:22,-0.6497338255546254,0.800072674737431,0.15309626793331443,159.4872541431586,0.14980807788243775,178.34424495179616,8050,6.0
14-12-2018 01:32:22,-0.6625479906943259,0.8026280388611094,0.15237102009421508,159.85096274219782,-0.029303029913363025,177.8761194613378,8050,6.0
14-12-2018 01:32:22,-0.6742174576051646,0.8039494530437948,0.15251617879301568,160.71672615675695,0.050078406255355895,177.8928383659417,8050,6.0
14-12-2018 01:32:22,-0.6851714288716545,0.804315288610338,0.15355799983701252,161.80735867787573,0.2439886897456996,178.34313765135087,8050,6.0
14-12-2018 01:32:22,-0.6973459068193708,0.8039621064683911,0.15389810730403072,162.83196595550115,0.21153352491850563,177.86999125221365,8050,6.0
14-12-2018 01:32:22,-0.7089484711946646,0.8054364096097215,0.15373497415680015,163.3790397563144,0.10105865205079212,177.8404324659239,8050,6.0
14-12-2018 01:32:22,-0.7206529969883083,0.8061185196079357,0.15381315176257754,164.1064176828585,0.11312150937101804,177.85146314843075,8050,6.0
14-12-2018 01:32:22,-0.7327146242724659,0.8077578404746036,0.15343274913874513,164.9197745770819,0.08411473579623092,177.73505383787423,8050,6.0
14-12-2018 01:32:22,-0.7452393310642162,0.8091496098275911,0.1529690443500743,165.74584581335426,0.11714812236885766,177.74318410563237,8050,6.0
14-12-2018 01:32:22,-0.7566946007609036,0.809516736922091,0.15318684135838687,166.4347600454188,0.11325714993888077,177.7922326037852,8050,6.0
14-12-2018 01:32:22,-0.768329323867913,0.8088114991740429,0.15358521186610452,166.99818213439073,0.1603769177892438,177.93625400347824,8050,6.0
14-12-2018 01:32:22,-0.7802689472243715,0.8090118829699046,0.15340390757856048,167.6799860323156,0.14489458908182884,177.9233412537219,8050,6.0
14-12-2018 01:32:22,-0.7921614090700972,0.8084729001518315,0.15388424536265796,168.86574209942017,0.33943841763652804,178.3835483639912,8050,6.0
14-12-2018 01:32:22,-0.8042691414708826,0.8086715602439103,0.15364723028197474,169.60063819783915,0.31550633838640274,178.3753876446432,8050,6.0
14-12-2018 01:32:22,-0.81602251675192,0.8077923486113673,0.15382551441424744,170.41412560392055,0.3151851594099149,178.37052605404858,8050,6.0
14-12-2018 01:32:22,-0.8278744582846975,0.8070485562905252,0.15385132656969858,171.15697937463503,0.3119350354447819,178.27835150131787,8050,6.0
14-12-2018 01:32:22,-0.8396122246378231,0.8060350649090624,0.15417349673244152,171.83233555608564,0.30196603125911703,178.34466165127756,8050,6.0
14-12-2018 01:32:22,-0.8516597989190672,0.8054373891052095,0.1541197483085196,172.67814319809676,0.30431563809876033,178.28898482499946,8050,6.0
14-12-2018 01:32:22,-0.86359138130566,0.8043473812042019,0.15422105040292172,173.452602031655,0.2909269789223208,178.24673705425204,8050,6.0
14-12-2018 01:32:22,-0.8757060150452516,0.8036550204543803,0.15383882609166857,174.25830113306228,0.268946038510483,178.08067030732704,8050,6.0
14-12-2018 01:32:22,-0.8872153006905377,0.8013180506699433,0.1543862423217208,174.94970145120837,0.19344503231282104,178.31832929482482,8050,6.0
14-12-2018 01:32:22,-0.8990956890671811,0.7999813929836244,0.15420837912754126,175.67992024747502,0.14080650283061197,178.2902863119974,8050,6.0
14-12-2018 01:32:22,-0.9108403143181146,0.7979274083677649,0.15436257487368502,176.47413200059606,0.14992209201832474,178.38196475754265,8050,6.0
14-12-2018 01:32:22,-0.9227008705117591,0.7963668813128104,0.15426354192942834,177.15480587508577,0.18748745584153284,178.33394959295845,8050,6.0
14-12-2018 01:32:22,-0.9370377954873702,0.8040831717667289,0.14941169347357794,177.90087881341475,0.19757119712664842,177.69470037002972,8050,6.0
14-12-2018 01:32:22,-0.9488026960286557,0.8015401056634764,0.1492585248542103,178.66157218425496,0.19996553285406116,177.6589906112365,8050,6.0
14-12-2018 01:32:22,-0.9604886969575701,0.799430831012014,0.14951983451706174,179.3679937060988,0.2118818087131875,177.75183382791542,8050,6.0
14-12-2018 01:32:22,-0.9721597001784221,0.7969005083418156,0.1495066972034635,-179.84821338869065,0.17516747642691496,177.79368292628277,8050,6.0
14-12-2018 01:32:22,-0.9836965615232692,0.7939137258096767,0.1492091627457676,-179.1374777024445,0.08332758663507585,177.6633912671039,8050,6.0
14-12-2018 01:32:22,-0.9959090356089311,0.7920672876821413,0.14982228251139956,-178.11862153313479,0.24728651406866628,178.3520148074637,8050,6.0
14-12-2018 01:32:22,-1.007384468270022,0.788950969845985,0.14997567202040266,-177.36850459480513,0.23350096506173415,178.2637466724765,8050,6.0
14-12-2018 01:32:22,-1.0189874185600694,0.785703772262328,0.1498712814109759,-176.59460622851088,0.21148880171088866,178.271611280437,8050,6.0
14-12-2018 01:32:22,-1.030485599251243,0.7823479214973582,0.15008708056993042,-175.87523716597917,0.23742178277686804,178.23232631900967,8050,6.0
14-12-2018 01:32:22,-1.0422475536213842,0.7786164400045629,0.1501918293526747,-175.18965099226853,0.14265894820120378,178.42818143892902,8050,6.0
14-12-2018 01:32:22,-1.0536688122724018,0.775169056844403,0.15018455610676643,-174.41530496957577,0.1460588955963717,178.46032424702946,8050,6.0
14-12-2018 01:32:22,-1.064888260571426,0.7714630610465906,0.15003496229933708,-173.69990346797357,0.14063092229123011,178.23435000599324,8050,6.0
14-12-2018 01:32:22,-1.0763336305662567,0.7679223866233226,0.14994604708506243,-172.90832291011822,0.11757090159664862,178.43413342329984,8050,6.0
14-12-2018 01:32:22,-1.0876804423890711,0.7639125953428985,0.15014446723591937,-172.19160751845138,0.15878469601972844,178.3260241909513,8050,6.0
14-12-2018 01:32:22,-1.098991534766487,0.7598048713037439,0.1501808976641976,-171.41530629828,0.19564543853299807,178.35105792366787,8050,6.0
14-12-2018 01:32:22,-1.110216031106005,0.7551750000053695,0.1503363960557615,-170.51446002234445,0.2762684485957409,178.3174205426181,8050,6.0
14-12-2018 01:32:22,-1.121310641993676,0.7508296082203129,0.15056344821546516,-169.777206215546,0.3070454176706932,178.3572431229119,8050,6.0
14-12-2018 01:32:23,-1.1284939208724198,0.7363367358845654,0.15534366754224696,-169.14298633071502,0.14767293902733217,178.63816876589252,8050,6.0
14-12-2018 01:32:23,-1.1390499565730579,0.7300192421364731,0.1556924988607368,-168.4011652173117,0.12798289962350626,178.51119476979915,8050,6.0
14-12-2018 01:32:23,-1.1499868044114967,0.7251222137469984,0.1556787733579214,-167.66053548795762,0.07675275073416953,178.53608429037726,8050,6.0
14-12-2018 01:32:23,-1.160837696486608,0.7200822950675441,0.1556022154683132,-166.91343797053332,0.016162474413812356,178.53939097208487,8050,6.0
14-12-2018 01:32:23,-1.171855603862007,0.7158190859767772,0.155433923119522,-166.27907930849253,0.0213992603575559,178.52567868569022,8050,6.0
14-12-2018 01:32:23,-1.182296757627031,0.7101637347214832,0.1557648536442336,-165.60203886812317,0.04374729523470154,178.5043874563283,8050,6.0
14-12-2018 01:32:23,-1.19334118932249,0.7048762667399568,0.15593743714289582,-164.46127212631797,0.2775504803159878,178.66972436564507,8050,6.0
14-12-2018 01:32:23,-1.2037640449357767,0.6992705924332824,0.1562108813645964,-163.7880360459354,0.29333503629561947,178.75211841877788,8050,6.0
14-12-2018 01:32:23,-1.2146802933290992,0.6939804267503404,0.1558693518641336,-162.7824000387737,0.3838006650295803,178.86993006955694,8050,6.0
14-12-2018 01:32:23,-1.2250187630188876,0.6877920403726443,0.15609598756240803,-162.15261367650584,0.3233074688471393,178.62622482342786,8050,6.0
14-12-2018 01:32:23,-1.2353309109784905,0.682084145456708,0.1560202350786196,-161.49511581456449,0.23765070029436194,178.67029075569923,8050,6.0
14-12-2018 01:32:23,-1.2453622479538782,0.6754273194966599,0.15598946108853093,-160.82091891553026,0.16218540136271617,178.60138241734444,8050,6.0
14-12-2018 01:32:23,-1.2555684811543917,0.669431273088289,0.1559354280017536,-160.17471995898063,0.1239298520207362,178.7044669417419,8050,6.0
14-12-2018 01:32:23,-1.2653939277898543,0.6625459299449763,0.15609643014452226,-159.43830686850023,0.1582510932011837,178.6638644613287,8050,6.0
14-12-2018 01:32:23,-1.2755313656401064,0.656254190812396,0.1560510227689185,-158.70988509129674,0.18434645600099792,178.75511861428262,8050,6.0
14-12-2018 01:32:23,-1.285388841613069,0.6494059673442633,0.15609503586355591,-157.92554954030373,0.16633979613814107,178.7422212295287,8050,6.0
14-12-2018 01:32:23,-1.2953733041060835,0.6429755271671641,0.15572474417786278,-157.17584875918348,0.151786647504319,178.7527374114602,8050,6.0
14-12-2018 01:32:23,-1.3049937509835345,0.6357398060798028,0.15574644266827875,-156.44965234951886,0.1257896675424113,178.7898512529542,8050,6.0
14-12-2018 01:32:23,-1.3145835985008236,0.6284847444852972,0.1562004840609229,-155.5347380539635,0.19487923025853904,178.9832181731316,8050,6.0
14-12-2018 01:32:23,-1.3243915660892132,0.6220082908127677,0.15590497553180802,-154.8654224443447,0.15053738141097908,178.7070175599093,8050,6.0
14-12-2018 01:32:23,-1.3339093672603772,0.6152461990215122,0.15566607866141552,-154.04194881935402,0.067651352288327,178.92073733792742,8050,6.0
14-12-2018 01:32:23,-1.3423603835138702,0.6059487336713355,0.15645035151309136,-153.33334477270492,0.10523756118654666,178.7657854439055,8050,6.0
14-12-2018 01:32:23,-1.3522773369908228,0.5993903566522556,0.15628531080614536,-152.56760134290167,0.08705716672316725,178.8254222498175,8050,6.0
14-12-2018 01:32:23,-1.3615613047240782,0.5921412637027773,0.1560178337982724,-151.88475625473825,0.005194755017533166,178.7691050339064,8050,6.0
14-12-2018 01:32:23,-1.3705369769300622,0.5842609027998618,0.15601709670331088,-151.14826034258473,-0.04313739080759884,178.69976750972486,8050,6.0
14-12-2018 01:32:23,-1.3793118516865102,0.5760597339001845,0.1560626387682474,-150.31248670574504,-0.06463435457188593,178.66956753860717,8050,6.0
14-12-2018 01:32:23,-1.3882848081222579,0.5682007369553947,0.15610661148055677,-149.57341565465796,-0.06886513593674044,178.74151406194426,8050,6.0
14-12-2018 01:32:23,-1.3971101727630653,0.5603663491612594,0.15600106696851157,-148.8357721863877,-0.036310194918464246,178.7204702446888,8050,6.0
14-12-2018 01:32:23,-1.4055660212316616,0.5519337985973355,0.15594827348310406,-148.11482147591704,-0.009522579751344244,178.8284082884571,8050,6.0
14-12-2018 01:32:23,-1.4137157102592315,0.5426736676161958,0.15680752254993996,-147.2242537182727,0.11122826543129255,179.3233996855318,8050,6.0
14-12-2018 01:32:23,-1.4229215935271542,0.5364322297865163,0.15557192182803362,-146.50563976782874,0.03682459954381402,179.15465087710407,8050,6.0
14-12-2018 01:32:23,-1.4305267863933966,0.5263342324764174,0.1561453321533622,-145.8534900680493,0.05334052277434958,179.0414741004731,8050,6.0
14-12-2018 01:32:23,-1.438426780954763,0.5174163043177499,0.15617858254501052,-145.115348381056,-0.02146688437144329,179.01787156643402,8050,6.0
14-12-2018 01:32:23,-1.4464608766645746,0.5087179944240554,0.15630494842767886,-144.3973159223264,-0.06648279801653673,178.96519147466503,8050,6.0
14-12-2018 01:32:23,-1.454374179388155,0.49997924502597363,0.15621809554813676,-143.6423513460288,-0.08806616839305356,178.94837522646182,8050,6.0
14-12-2018 01:32:23,-1.4620784194886747,0.4907942271789015,0.15646858499896008,-142.85329924230865,-0.06681224406452131,178.9316354501115,8050,6.0
14-12-2018 01:32:23,-1.469505039706737,0.48114732409986255,0.15680366255668682,-142.0976933059722,-0.06393360398824792,178.93959354720664,8050,6.0
14-12-2018 01:32:23,-1.4778206611261295,0.47336950177109854,0.15658837504163065,-141.10215546321493,0.01840834978259603,179.47609792613096,8050,6.0
14-12-2018 01:32:23,-1.4845386084713839,0.46291954962749526,0.15682724344275692,-140.46373831334063,-0.018180852139982644,179.44038157003095,8050,6.0
14-12-2018 01:32:23,-1.4924775457433945,0.4549668669867593,0.15599829352067598,-139.62879267427073,-0.09328359691058678,179.4974578594355,8050,6.0
14-12-2018 01:32:23,-1.499228621875302,0.4440704859852953,0.15669033706819993,-138.9730511564729,-0.08652596242213641,179.44348012495098,8050,6.0
14-12-2018 01:32:23,-1.5139203678284703,0.4490827186279452,0.15143990608769878,-138.89083877678667,-0.5835127601789437,-177.67917484112766,8050,6.0
14-12-2018 01:32:23,-1.5208130007968603,0.4392769144238627,0.15145599592469103,-138.1228668208941,-0.5953652647244931,-177.7356044154591,8050,6.0
14-12-2018 01:32:23,-1.5275235683353214,0.4294844408081457,0.15155885948070813,-137.37269637518017,-0.5727318369922183,-177.7486680775745,8050,6.0
14-12-2018 01:32:23,-1.5341762709866849,0.41921517295977356,0.15153271940336882,-136.57973183014403,-0.6055344437476617,-177.7595639103667,8050,6.0
14-12-2018 01:32:23,-1.54060517265006,0.40916864496965544,0.15142956146593647,-135.80266351878493,-0.6912259813924392,-177.78804439062873,8050,6.0
14-12-2018 01:32:23,-1.6123595291334363,0.4556820317626838,0.21450074383227327,-130.53016681641387,-2.095018240977884,-113.1133595751969,8050,6.0
14-12-2018 01:32:23,-1.6194647598977452,0.44449717134696326,0.21445280045853296,-129.75777144947344,-2.1366452226507566,-113.16826554953116,8050,6.0
14-12-2018 01:32:23,-1.597263086108979,0.318122814358369,0.2611135754570852,-132.5862633229876,-62.66716880194583,-1.1716465761608756,8050,6.0
14-12-2018 01:32:23,-1.6011444469931089,0.3065087828643022,0.2607583036766682,-132.96681990675773,-62.5521804281625,0.02550520736828135,8050,6.0
14-12-2018 01:32:23,-1.6049256150822893,0.2950410697925542,0.260639440894777,-132.9323548327829,-62.29922031727383,0.33575250103940063,8050,6.0
14-12-2018 01:32:23,-1.5825956912889116,0.3510134550643359,0.1519190375107129,-128.7635760763691,-0.38282415291310784,-172.4769232226977,8050,6.0
14-12-2018 01:32:23,-1.5833288445755005,0.3354421806925445,0.15010794611026596,-130.69957426741897,-0.4675234280638326,179.6419435309189,8050,6.0
14-12-2018 01:32:23,-1.5890950579623988,0.32579148594354174,0.15060031326981124,-129.77007569272712,-0.4240112309148384,-179.76280606662107,8050,6.0
14-12-2018 01:32:23,-1.593999385506485,0.3143091615048305,0.15019476925118105,-129.31470888317884,-0.5490575937609969,179.52950792656753,8050,6.0
14-12-2018 01:32:23,-1.5993042666863884,0.30378022664217774,0.1503373577770118,-128.5324484147046,-0.5551136170938276,179.5161651041611,8050,6.0
14-12-2018 01:32:23,-1.6045602193139714,0.29417308484898147,0.15093524215641296,-127.52757724295483,-0.43125573947316864,-179.74847272352733,8050,6.0
14-12-2018 01:32:23,-1.609128480780018,0.28247364178299733,0.15045129177626126,-127.08185947036834,-0.6095250376795897,179.38088990303328,8050,6.0
14-12-2018 01:32:23,-1.6139829425496044,0.27185109435292926,0.1502728495663406,-126.33237839111598,-0.5733215434179458,179.01935855330666,8050,6.0
14-12-2018 01:32:23,-1.6178817280567976,0.259829506963297,0.15053270508670127,-125.48491024377981,-0.5998966691980763,179.47138487952998,8050,6.0
14-12-2018 01:32:23,-1.6176218643450984,0.24703069182674975,0.1510311512976888,-122.2807068717664,-0.4881348304502714,-179.03594202485044,8050,6.0
14-12-2018 01:32:23,-1.621794657759643,0.23580587879143297,0.15052741844931966,-121.48137243213866,-0.5327047134699856,-178.88158886915454,8050,6.0
14-12-2018 01:32:23,-1.6259168788170544,0.2248132925476938,0.15047879802394207,-120.62621407347147,-0.48434318615770816,-178.83623641208047,8050,6.0
14-12-2018 01:32:23,-1.6296940119417116,0.213712311131558,0.15028491625463428,-119.94664263111719,-0.5982039114486586,-178.99772877670998,8050,6.0
14-12-2018 01:32:23,-1.633655457818196,0.2023010963263469,0.1506949265550941,-119.18290936608352,-0.5219846382334408,-179.07515503445293,8050,6.0
14-12-2018 01:32:23,-1.6374467864477609,0.19101218076770216,0.15062444129840896,-118.40834137337026,-0.547553137246365,-178.9514431219017,8050,6.0
14-12-2018 01:32:23,-1.6407883287956841,0.17956768538106935,0.15112182963010576,-117.69585164069728,-0.49723713729804586,-179.12751658729204,8050,6.0
14-12-2018 01:32:23,-1.6440554910434673,0.1683935284754923,0.15125122102341512,-116.93072857457706,-0.46198099980107854,-179.1058619223958,8050,6.0
14-12-2018 01:32:23,-1.6472817149498227,0.15682360995246583,0.1510618543181504,-116.18865383028484,-0.5126397467913795,-179.0803844712147,8050,6.0
14-12-2018 01:32:23,-1.6501819181615767,0.14554321584734978,0.15135084308967042,-115.41967379432727,-0.5086998860430844,-179.20577803392993,8050,6.0
14-12-2018 01:32:23,-1.6531588906794783,0.1340835120749338,0.1512477962202379,-114.67239069410354,-0.5590938811083173,-179.21109057538632,8050,6.0
14-12-2018 01:32:23,-1.6558290481694515,0.12246070527001789,0.1511118121440537,-113.90221030784825,-0.5757128812845522,-179.2206498865159,8050,6.0
14-12-2018 01:32:23,-1.6583607390220372,0.11087531648217508,0.15099238440966695,-113.15930111564197,-0.5788040197569845,-179.263904650662,8050,6.0
14-12-2018 01:32:23,-1.6606979045635053,0.09945619624046641,0.15096117325518482,-112.36544115610006,-0.5405675142898855,-179.14092003935963,8050,6.0
14-12-2018 01:32:23,-1.6625981419822031,0.0880080837408146,0.15084759313210627,-111.66369027221234,-0.5686385053409684,-179.28424898794356,8050,6.0
14-12-2018 01:32:23,-1.6649653192678326,0.07613451738417044,0.15072917353877444,-110.83321313937725,-0.5184750164286139,-178.98791462219407,8050,6.0
14-12-2018 01:32:23,-1.6668069667377576,0.0644245619323273,0.15087904334105542,-110.03584259649674,-0.5220523547345558,-178.92571742400534,8050,6.0
14-12-2018 01:32:23,-1.668265363253027,0.05277686128960111,0.15139738895245602,-109.32931905772145,-0.48056079312226446,-179.16038242893,8050,6.0
14-12-2018 01:32:23,-1.6701912285417013,0.04100028450255016,0.15149075025150877,-108.52540826124681,-0.5113869976010916,-178.91466093446647,8050,6.0
14-12-2018 01:32:23,-1.6711503341234442,0.02947258820533004,0.1516604918665564,-107.75273621548943,-0.5266257293538248,-179.16426393655954,8050,6.0
14-12-2018 01:32:23,-1.6725053355949584,0.017761669682084213,0.15174675894632478,-106.98926629587984,-0.5299126282791026,-179.20789322655503,8050,6.0
14-12-2018 01:32:23,-1.6736678386884616,0.006029091438252708,0.15163388587911125,-106.17199074381098,-0.5531047834740422,-179.11084263944034,8050,6.0
14-12-2018 01:32:23,-1.6747574451828338,-0.005431888141681787,0.15146066600952124,-105.31878558853411,-0.5433986823519377,-178.91587099764007,8050,6.0
14-12-2018 01:32:23,-1.675556948592606,-0.017441353638754733,0.15155952915629803,-104.61141633476122,-0.500149527882265,-179.16172616226976,8050,6.0
14-12-2018 01:32:23,-1.6761427688677728,-0.02915301056412606,0.1515091305195256,-103.819784253713,-0.4875677006791709,-179.1865023190463,8050,6.0
14-12-2018 01:32:23,-1.6770362840054318,-0.0402431091292904,0.15128001061972804,-102.99823105743644,-0.5671256871982086,-179.12304401830002,8050,6.0
14-12-2018 01:32:23,-1.6775334420107255,-0.05204168430746963,0.15117776034923672,-102.23334685871045,-0.5955792506514809,-179.10078535867103,8050,6.0
14-12-2018 01:32:23,-1.677785168237319,-0.0638319360808436,0.15129532437268212,-101.48801990536928,-0.5780980556267667,-179.1173154003018,8050,6.0
14-12-2018 01:32:23,-1.67860736686471,-0.0760197943681049,0.15078132477000616,-100.73224839890526,-0.6521579393100471,-178.67071614362993,8050,6.0
14-12-2018 01:32:23,-1.6774919737838854,-0.0873192907843294,0.15153528480386783,-99.93746371694324,-0.5354132794735955,-179.09387451114853,8050,6.0
14-12-2018 01:32:23,-1.677145896896356,-0.09915279804357811,0.15158458423260696,-99.20075203660546,-0.5145410979000734,-179.1117700020824,8050,6.0
14-12-2018 01:32:23,-1.6765835476983275,-0.1109092161032271,0.1515493898193335,-98.43632737138735,-0.5156596445530485,-179.10659794617638,8050,6.0
14-12-2018 01:32:23,-1.6758728827226712,-0.12266077183554687,0.15155050277259424,-97.67580684753072,-0.5514828548206433,-179.17316219642933,8050,6.0
14-12-2018 01:32:23,-1.6751261499706531,-0.13443150385698732,0.15128091761368914,-96.88577157752232,-0.6248067556772455,-179.12315880056403,8050,6.0
14-12-2018 01:32:23,-1.6741831049659028,-0.1462627703086496,0.15123791351626503,-96.12531509472501,-0.6451615906403092,-179.1612763062323,8050,6.0
14-12-2018 01:32:23,-1.673586625240016,-0.15706386593311866,0.150636636555938,-95.44334545292779,-0.8153062029543624,-179.1804186198304,8050,6.0
14-12-2018 01:32:23,-1.674100279485093,-0.16947697702422015,0.15030179087980858,-94.89904160114314,-0.8524618654976386,-178.3683244827444,8050,6.0
14-12-2018 01:32:23,-1.670548741206048,-0.18344591169497768,0.15211392086349518,-94.8003144077653,-0.1788699552205756,-179.9930927502179,8050,6.0
14-12-2018 01:32:23,-1.6690868003844774,-0.1949812059758175,0.15222883200481926,-94.09252248058927,-0.13044498516610767,-179.94527172989038,8050,6.0
14-12-2018 01:32:23,-1.667213306262858,-0.20718938316720084,0.15174957210046863,-93.52975648787825,-0.13276085080483546,179.6642025278627,8050,6.0
14-12-2018 01:32:24,-1.6656616190594071,-0.21894865333214786,0.15212463807504945,-92.7521197719574,-0.25760761833370516,179.83577372589065,8050,6.0
14-12-2018 01:32:24,-1.663670712526486,-0.23042880105335323,0.15227876601573437,-91.99733662339797,-0.2564256331303596,179.82804973357827,8050,6.0
14-12-2018 01:32:24,-1.6614804841676647,-0.2420605949695713,0.15234712527209415,-91.31518047206097,-0.2524285571434368,179.71828592025403,8050,6.0
14-12-2018 01:32:24,-1.6592556794427515,-0.2534875783863763,0.15206471759023224,-90.47518168429538,-0.30409549748248743,179.95705014116277,8050,6.0
14-12-2018 01:32:24,-1.6567113927445687,-0.26492647458192076,0.15226290853975125,-89.73132545227911,-0.24965201641044593,179.82197904125056,8050,6.0
14-12-2018 01:32:24,-1.6541626973434655,-0.2763856780370145,0.15216606647814934,-88.94145501666976,-0.26769329456229046,179.88481114291758,8050,6.0
14-12-2018 01:32:24,-1.6513116338500389,-0.28774846425466555,0.15223763972915527,-88.16613554798452,-0.21297929020375375,179.78468420456048,8050,6.0
14-12-2018 01:32:24,-1.6482816493131138,-0.2991060071790387,0.1521691072405246,-87.34172098504304,-0.20832234868809327,179.782242172224,8050,6.0
14-12-2018 01:32:24,-1.6450746127612812,-0.31018862413327974,0.15210755580898516,-86.6053015761691,-0.25145518481311796,179.58541755860762,8050,6.0
14-12-2018 01:32:24,-1.6421168873539298,-0.3217853737454103,0.15218742067385396,-85.79324506055575,-0.22827735920302014,179.7376863057912,8050,6.0
14-12-2018 01:32:24,-1.6388903331128057,-0.3331333677233454,0.1520231905522713,-84.97713864274027,-0.1670221213638337,179.78347795913973,8050,6.0
14-12-2018 01:32:24,-1.6354062983034157,-0.3441591317297539,0.15232518043715923,-84.29514706945872,-0.24965677866168168,179.8095798509009,8050,6.0
14-12-2018 01:32:24,-1.631445263593424,-0.3557410244110906,0.15280172301753656,-83.53089787551673,-0.18451794198779706,179.81671945260797,8050,6.0
14-12-2018 01:32:24,-1.6277864142429894,-0.3667720995263636,0.15293045265039804,-82.81789331585698,-0.16218411776906838,179.75827062375458,8050,6.0
14-12-2018 01:32:24,-1.6240990927855825,-0.3776397679491382,0.15299203818416904,-82.00212075782916,-0.13154847832231126,179.86260434508844,8050,6.0
14-12-2018 01:32:24,-1.6200981341930647,-0.3886124195733374,0.15313328454341507,-81.29479158834592,-0.18060112528279315,179.7266026908725,8050,6.0
14-12-2018 01:32:24,-1.6159732864786116,-0.39961606093511326,0.15309177621916667,-80.53692662746953,-0.21312004461767317,179.71328573351423,8050,6.0
14-12-2018 01:32:24,-1.6116349570880981,-0.41049661894214257,0.15305736476554907,-79.80342173874553,-0.24568068688569292,179.70226060820374,8050,6.0
14-12-2018 01:32:24,-1.6071848694760371,-0.42125078918979975,0.15301190227672015,-79.06276747366392,-0.236006465220763,179.70317511198735,8050,6.0
14-12-2018 01:32:24,-1.6025925272449428,-0.431614702648768,0.15266419432923314,-78.27336486674542,-0.22059051666695323,179.80070259083888,8050,6.0
14-12-2018 01:32:24,-1.5979295703253782,-0.4418772112028823,0.15218902258163228,-77.4914496736732,-0.2096606084122914,179.92449589066504,8050,6.0
14-12-2018 01:32:24,-1.5929692295786715,-0.4523804201449904,0.15207215477590938,-76.70952203588452,-0.1404533247825782,-179.95332330064502,8050,6.0
14-12-2018 01:32:24,-1.587853989880894,-0.46294968523956925,0.15214612569945893,-76.00463623203906,-0.1511137745622082,179.94207450060534,8050,6.0
14-12-2018 01:32:24,-1.5827111885669436,-0.4734440592418018,0.15229650874979142,-75.2569815351524,-0.13926962781536933,179.99551379709465,8050,6.0
14-12-2018 01:32:24,-1.5773828744676044,-0.48378866563249684,0.15239397946969138,-74.55663763894883,-0.1712047030296546,179.950463319397,8050,6.0
14-12-2018 01:32:24,-1.5718732128180444,-0.4940574614535102,0.15256747981148133,-73.81511488363815,-0.18677898915700805,179.92185707175628,8050,6.0
14-12-2018 01:32:24,-1.5662755857920674,-0.5044808654354915,0.1527448276158943,-73.07531427964219,-0.18448214403607546,179.94440511575138,8050,6.0
14-12-2018 01:32:24,-1.5604649995789637,-0.5144880153328353,0.1528450464711677,-72.34751802542522,-0.19023000646627505,179.8649157796436,8050,6.0
14-12-2018 01:32:24,-1.5546232516648106,-0.5246197339766494,0.15283479545150344,-71.5923604852744,-0.16773360315549166,179.90059871616504,8050,6.0
14-12-2018 01:32:24,-1.5486357292476363,-0.5346519780721825,0.15276479605348892,-70.8030145261615,-0.10300545537586633,179.97308350233715,8050,6.0
14-12-2018 01:32:24,-1.5425228472297587,-0.5445313498905132,0.15262065954956888,-70.06753581885863,-0.11152296133252973,179.97091999361655,8050,6.0
14-12-2018 01:32:24,-1.5362051049038181,-0.5545111646592565,0.1522267254771929,-69.34399963232222,-0.13415746297435555,179.90033479269678,8050,6.0
14-12-2018 01:32:24,-1.5299230251111997,-0.564229030888666,0.15221299211242725,-68.57694556722049,-0.15686675332753466,179.96612208411096,8050,6.0
14-12-2018 01:32:24,-1.5233966275300208,-0.5740019148843715,0.15220572034055785,-67.82304021474202,-0.1877052815801205,179.99620228372567,8050,6.0
14-12-2018 01:32:24,-1.5167772095453083,-0.5836045099035215,0.1522431503548896,-67.04348991998033,-0.17426854691435117,-179.92076764603053,8050,6.0
14-12-2018 01:32:24,-1.510010510558289,-0.593099942950697,0.15233131309281217,-66.30491581673775,-0.1729701310672875,-179.9518465601511,8050,6.0
14-12-2018 01:32:24,-1.50314047271156,-0.6025094772507451,0.1524301267795995,-65.54075009350784,-0.16674848000669318,-179.92580876113806,8050,6.0
14-12-2018 01:32:24,-1.4961778294551167,-0.6116053227773665,0.15236544431021212,-64.8546902976651,-0.23109175406485627,179.89724933416264,8050,6.0
14-12-2018 01:32:24,-1.4889642812717212,-0.621084425044625,0.15259066949658828,-64.0284093485867,-0.25787756808778384,-179.94438183176575,8050,6.0
14-12-2018 01:32:24,-1.481729725287668,-0.630249310103849,0.15256888532975937,-63.291836536031774,-0.3216570666983149,-179.97764343297303,8050,6.0
14-12-2018 01:32:24,-1.47440230588596,-0.6393507885540953,0.1525007491958146,-62.56016314214041,-0.34840076514082086,179.99041741401808,8050,6.0
14-12-2018 01:32:24,-1.466989097429494,-0.6483663617467987,0.15240250804206582,-61.82178433824319,-0.37515020482488004,-179.97303271529242,8050,6.0
14-12-2018 01:32:24,-1.45990456505415,-0.6566064197537391,0.15183928251520154,-61.32609439753064,-0.46851662246655496,179.59097829708057,8050,6.0
14-12-2018 01:32:24,-1.452258078677579,-0.6658229801883702,0.1521455704736321,-60.458608292679756,-0.3306270229685568,179.89447985240471,8050,6.0
14-12-2018 01:32:24,-1.4441986304560503,-0.6747059073789223,0.15221733150346456,-59.664284724626036,-0.32007740862877454,-179.96633545427693,8050,6.0
14-12-2018 01:32:24,-1.4363630999907935,-0.6832247620290363,0.15223635545818046,-58.978998998831536,-0.34297406854844814,-179.98861649259308,8050,6.0
14-12-2018 01:32:24,-1.4284484602267558,-0.691625844666016,0.15237166130800248,-58.2895009569618,-0.36947627601265154,-179.99252416101487,8050,6.0
14-12-2018 01:32:24,-1.4203422926638003,-0.7000033510173702,0.15249511605510954,-57.56186312572643,-0.3675396372499871,-179.98564120341558,8050,6.0
14-12-2018 01:32:24,-1.4121406229062985,-0.7081420779927634,0.15261462810443432,-56.86669387591806,-0.3720595427804244,179.9814524504416,8050,6.0
14-12-2018 01:32:24,-1.4037196942246866,-0.7162317876541433,0.15269076400437395,-56.14612273780433,-0.3937899584348918,179.92030429128826,8050,6.0
14-12-2018 01:32:24,-1.3952878301837055,-0.7242799137641418,0.15264793297139817,-55.40125498597,-0.34467131303025994,179.9390685725162,8050,6.0
14-12-2018 01:32:24,-1.386761101968492,-0.732235832186011,0.15257789551366935,-54.62114669460113,-0.31093814543747555,-179.96339241247654,8050,6.0
14-12-2018 01:32:24,-1.3780972507828004,-0.7401509322756382,0.15242583243565644,-53.846488801941106,-0.24174359152728497,-179.91090606324573,8050,6.0
14-12-2018 01:32:24,-1.3693952367666506,-0.7476515416103484,0.1522905002402835,-53.16340667662012,-0.2415772889607174,179.97278189730113,8050,6.0
14-12-2018 01:32:24,-1.3606591759855475,-0.7548792475088454,0.1518556763024982,-52.54788462718891,-0.3358460048501666,179.6617997183386,8050,6.0
14-12-2018 01:32:24,-1.3518214916387532,-0.7623607857377381,0.15177836344814236,-51.80127994482489,-0.3737399833513935,179.6328253133109,8050,6.0
14-12-2018 01:32:24,-1.3428879529651878,-0.7698758899903448,0.15187422627935004,-51.05574213683306,-0.3823658966889034,179.6706996265103,8050,6.0
14-12-2018 01:32:24,-1.3338880350671416,-0.777263538150628,0.15196755022188088,-50.36114911394118,-0.41129994593376895,179.64085699562932,8050,6.0
14-12-2018 01:32:24,-1.3248441048882036,-0.7843079453825655,0.1521510572241196,-49.650287665612254,-0.42713129399542904,179.62982948503728,8050,6.0
14-12-2018 01:32:24,-1.3156763389857689,-0.7913432643913573,0.15227892188089234,-48.91387295422665,-0.3852380955994007,179.64658595506776,8050,6.0
14-12-2018 01:32:24,-1.3064069212964333,-0.7981775282245723,0.1523329343288176,-48.22539887694075,-0.39047477649531526,179.558819169145,8050,6.0
14-12-2018 01:32:24,-1.2970818828358037,-0.805069955891212,0.15233735552019964,-47.464735502392955,-0.41531304113698625,179.6545089640857,8050,6.0
14-12-2018 01:32:24,-1.2875156462822375,-0.812418384497436,0.152787994436255,-46.753580257703746,-0.3254856915408622,179.8184894644934,8050,6.0
14-12-2018 01:32:24,-1.2778543471722257,-0.8188493921451592,0.1526003702933154,-46.08134102850666,-0.4083518138960712,179.6936961910044,8050,6.0
14-12-2018 01:32:24,-1.268570903734084,-0.8248160602541809,0.15211210769391587,-45.40873112402658,-0.4444966723103246,179.5761261874979,8050,6.0
14-12-2018 01:32:24,-1.2589554797086242,-0.8329299355257801,0.1522273241353053,-44.030264178283915,-0.11154702429870646,-179.6535984486026,8050,6.0
14-12-2018 01:32:24,-1.248777999986125,-0.8387049592102432,0.15157837901861176,-43.43262096073654,0.1096041772167485,-179.61616198612833,8050,6.0
14-12-2018 01:32:24,-1.2396338999681737,-0.8446317009250452,0.15184377235086027,-42.60406718503812,-0.1714499436648463,-179.84989535572717,8050,6.0
14-12-2018 01:32:24,-1.2296130938234133,-0.850503153408546,0.15187048664564462,-41.888096306603174,-0.17502492551164583,-179.88043401122678,8050,6.0
14-12-2018 01:32:24,-1.2195962518975565,-0.856251418678025,0.15196729994248817,-41.17710429791349,-0.18506354115619836,-179.86165675810824,8050,6.0
14-12-2018 01:32:24,-1.2095561340088579,-0.861900151759299,0.15212044838085476,-40.44817858662934,-0.17282478682076424,-179.82146794596528,8050,6.0
14-12-2018 01:32:24,-1.1994309053225654,-0.8674309530910074,0.15228631131323128,-39.69513202332667,-0.19028852151839934,-179.7611055164634,8050,6.0
14-12-2018 01:32:24,-1.1890411217108667,-0.8728181482673845,0.15218394197320967,-39.048879468536946,-0.22419580985556967,-179.98535502134413,8050,6.0
14-12-2018 01:32:24,-1.179026176040871,-0.8779041823156852,0.15242220439250292,-38.30342333636727,-0.18380462687951696,-179.88882692584792,8050,6.0
14-12-2018 01:32:24,-1.1684225543747864,-0.8834441244136475,0.1525832183620809,-37.43914502992036,-0.11199242253165909,-179.63741657302086,8050,6.0
14-12-2018 01:32:24,-1.1583602171890677,-0.8881459422078841,0.15221315724293738,-36.757189962724134,-0.16709508141441098,-179.857885136588,8050,6.0
14-12-2018 01:32:24,-1.147983727565402,-0.8929625639611514,0.15208477815541052,-35.96442877605546,-0.12020078015708444,-179.85041380827604,8050,6.0
14-12-2018 01:32:24,-1.1375050351365372,-0.8976334932752613,0.1519643151437343,-35.17515537033133,-0.10894408027768111,-179.8674086226234,8050,6.0
14-12-2018 01:32:24,-1.1269406326903286,-0.9021962872050798,0.1518416713548949,-34.376506593359224,-0.08418063600290618,-179.84868465082957,8050,6.0
14-12-2018 01:32:24,-1.115733352748306,-0.9073833699625642,0.15285480272405777,-33.48729338723247,-0.3336898504428363,-179.64836798857297,8050,6.0
14-12-2018 01:32:24,-1.1056474644670338,-0.9109366746312494,0.15180292706939205,-32.82096683650713,-0.08055364596614198,-179.75376098700903,8050,6.0
14-12-2018 01:32:24,-1.0942321255013359,-0.9156397846305838,0.1529321880138251,-32.02220406011757,-0.36983330830949573,-179.66667655023772,8050,6.0
14-12-2018 01:32:24,-1.083608135411606,-0.9195354134635672,0.1530257794026963,-31.174650442720512,-0.24906510756477332,-179.10065943452997,8050,6.0
14-12-2018 01:32:24,-1.0728045692554757,-0.923328603367248,0.15309336707662669,-30.466266503602668,-0.29293944051519777,-179.1688660873489,8050,6.0
14-12-2018 01:32:24,-1.0620773254793832,-0.9265469441614056,0.15240578553194584,-30.01545555876488,-0.31197906243981466,-179.88872921840758,8050,6.0
14-12-2018 01:32:24,-1.0511293163796434,-0.9302790306329501,0.1524653887132222,-29.27239174905013,-0.34024671649664273,-179.83874268322407,8050,6.0
14-12-2018 01:32:24,-1.0406107211739009,-0.9341064408068512,0.1525513373105535,-28.581749377099353,-0.3102250817359343,-179.63005808577358,8050,6.0
14-12-2018 01:32:24,-1.0295564799643488,-0.9374266010069355,0.15242400742625245,-27.868778004556777,-0.32021933310437145,-179.66655657793964,8050,6.0
14-12-2018 01:32:24,-1.0183787489645444,-0.9409136832998987,0.1528554861071446,-26.957120037877424,-0.3364566523871137,-179.13151189521105,8050,6.0
14-12-2018 01:32:24,-1.0072710396483395,-0.9438865373152133,0.1527502162215496,-26.253435108905624,-0.3216464159914208,-179.173860533001,8050,6.0
14-12-2018 01:32:24,-0.9961278099981679,-0.946737693983965,0.1525972333663124,-25.558786915039956,-0.3152309648938663,-179.21829935124325,8050,6.0
14-12-2018 01:32:24,-0.9846141786437627,-0.948598148176588,0.1518657329843485,-25.01099143557583,-0.34050672340833205,-179.9400241487105,8050,6.0
14-12-2018 01:32:24,-0.9734244513491863,-0.9502776659059522,0.1511426954636439,-24.344118198645344,-0.5002365309351328,179.7627293111179,8050,6.0
14-12-2018 01:32:24,-0.9622559205691873,-0.9528571000666212,0.15142135582272204,-23.601244247520658,-0.57031161010679,179.72289061987146,8050,6.0
14-12-2018 01:32:24,-0.9508492175302579,-0.9551394387119396,0.15183198020757038,-22.507812409815607,-0.6298084464656911,-179.72567101559994,8050,6.0
14-12-2018 01:32:24,-0.9392917761649134,-0.9569419349243111,0.15173929398026073,-22.0424905764179,-0.459423869970666,-179.93526697489906,8050,6.0
14-12-2018 01:32:24,-0.928012066801013,-0.9588464831711465,0.15172293902592027,-21.32941530714444,-0.4077280209044927,-179.93750749391214,8050,6.0
14-12-2018 01:32:24,-0.9167570206953342,-0.9605773117706093,0.1516451505095095,-20.60255662128743,-0.4138122558526971,-179.99373354056817,8050,6.0
14-12-2018 01:32:24,-0.9053706774637647,-0.9621068908102991,0.1512434862215161,-19.870805559314455,-0.39427569183530026,-179.96104652223622,8050,6.0
14-12-2018 01:32:24,-0.8940532931304994,-0.9637226318996602,0.15096490981134394,-19.182593070702097,-0.3251100780470416,179.86233219341437,8050,6.0
14-12-2018 01:32:25,-0.8827650987362974,-0.9651413859892066,0.1510801506492771,-18.422818463023056,-0.32636773936789903,179.90188153444694,8050,6.0
14-12-2018 01:32:25,-0.8713582129090915,-0.9662400085012599,0.15087978272720035,-17.723695812276343,-0.30532107701747163,179.81717510952146,8050,6.0
14-12-2018 01:32:25,-0.8599234735484793,-0.9673567376911735,0.15063004626447649,-17.008603563580902,-0.29280717600162515,179.87471916275084,8050,6.0
14-12-2018 01:32:25,-0.8485923287643484,-0.9684205952047752,0.15079025569020674,-16.313468046564335,-0.30730193707249426,179.76205628548487,8050,6.0
14-12-2018 01:32:25,-0.837067921994269,-0.9692674875958992,0.15059164552302373,-15.61935988449273,-0.2850520756133789,179.74929375162526,8050,6.0
14-12-2018 01:32:25,-0.8257330411545523,-0.9700504530770603,0.15069220921377907,-14.914693295395882,-0.31772493461801515,179.7124454231824,8050,6.0
14-12-2018 01:32:25,-0.814314938376181,-0.9706355429040695,0.1508009201003877,-14.216219627238077,-0.31415751019570587,179.6943042454557,8050,6.0
14-12-2018 01:32:25,-0.8029107218666518,-0.9709398153800727,0.15081621179094962,-13.510712734177316,-0.3081586381707778,179.65155409424017,8050,6.0
14-12-2018 01:32:25,-0.7914451249718676,-0.971275934126369,0.15096917033686627,-12.820638883966128,-0.2990675020441315,179.599860537231,8050,6.0
14-12-2018 01:32:25,-0.7800500005044525,-0.9713440585187225,0.15095288808399282,-12.079554882512566,-0.3373466509906153,179.58627407956996,8050,6.0
14-12-2018 01:32:25,-0.7685617057561289,-0.9712777970818183,0.15086547527705715,-11.35852498055369,-0.3434805525959991,179.55510682722607,8050,6.0
14-12-2018 01:32:25,-0.7571968034409522,-0.970925700200621,0.1505853320643157,-10.600536826116008,-0.34532957841518586,179.57071088579127,8050,6.0
14-12-2018 01:32:25,-0.7456636862227896,-0.9705995737102739,0.15055609435834877,-9.92169877523657,-0.28247824701205754,179.4975737743178,8050,6.0
